,total_records,condition,percent
25-29,1,0,0.0
30-34,6,2,33.33333333333333
35-39,10,4,40.0
40-44,44,9,20.454545454545457
45-49,31,13,41.935483870967744
50-54,54,19,35.18518518518518
55-59,72,46,63.888888888888886
60-64,46,28,60.86956521739131
65-69,27,15,55.55555555555556
70-74,4,0,0.0
75-79,2,1,50.0
